id;jhi_column;id_f_attribut
1;matrix Implementation Shirt;Mobility
2;Arizona synthesizing Fresh;override back-end hacking
3;open-source;payment National
4;HDD;Tanzanian Shilling Lights
5;e-enable Plaza intranet;convergence Idaho customized
6;synthesize Bahrain;Pre-emptive Bouvet Island (Bouvetoya) experiences
7;Credit Card Account;Belize Dollar Bacon
8;Investment Account Rwanda Customer;Liaison copy program
9;hack Electronics Oklahoma;Cambridgeshire navigate Licensed
10;Fantastic indexing;Investment Account
